{"cameraMode":{"drawMode":0,"name":"Shaded","section":"Shading Mode"},"sceneLighting":false,"audioPlay":false,"sceneViewState":{"m_AlwaysRefresh":false,"showFog":true,"showSkybox":false,"showFlares":true,"showImageEffects":true,"showParticleSystems":true,"showVisualEffectGraphs":true,"m_FxEnabled":true},"in2DMode":false,"pivot":{"x":0.8675884008407593,"y":1.1990151405334473,"z":3.030381202697754},"rotation":{"x":0.09236789494752884,"y":-0.7735587358474731,"z":0.11597349494695664,"w":0.6161450743675232},"size":0.8056418299674988,"orthographic":false}