{"cameraMode":{"drawMode":0,"name":"Shaded","section":"Shading Mode"},"sceneLighting":false,"audioPlay":false,"sceneViewState":{"m_AlwaysRefresh":false,"showFog":true,"showSkybox":false,"showFlares":true,"showImageEffects":true,"showParticleSystems":true,"showVisualEffectGraphs":true,"m_FxEnabled":true},"in2DMode":false,"pivot":{"x":45.30436325073242,"y":10.286734580993653,"z":15.02651596069336},"rotation":{"x":0.0013695262605324388,"y":0.9965640902519226,"z":-0.08120939135551453,"w":0.01674283854663372},"size":1.6021260023117066,"orthographic":false}