{"cameraMode":{"drawMode":0,"name":"Shaded","section":"Shading Mode"},"sceneLighting":false,"audioPlay":false,"sceneViewState":{"m_AlwaysRefresh":false,"showFog":true,"showSkybox":false,"showFlares":true,"showImageEffects":true,"showParticleSystems":true,"showVisualEffectGraphs":true,"m_FxEnabled":true},"in2DMode":false,"pivot":{"x":3.0002098083496095,"y":1.9000394344329835,"z":-50.98830795288086},"rotation":{"x":0.000015148902093642391,"y":-0.999966561794281,"z":0.012308761477470398,"w":-0.0012047991622239352},"size":5.252244472503662,"orthographic":false}