{"cameraMode":{"drawMode":0,"name":"Shaded","section":"Shading Mode"},"sceneLighting":true,"audioPlay":false,"sceneViewState":{"m_AlwaysRefresh":false,"showFog":true,"showSkybox":true,"showFlares":true,"showImageEffects":true,"showParticleSystems":true,"showVisualEffectGraphs":true,"m_FxEnabled":true},"in2DMode":false,"pivot":{"x":31.697269439697267,"y":4.273850917816162,"z":24.582754135131837},"rotation":{"x":0.17449654638767243,"y":0.8244256973266602,"z":-0.35669195652008059,"w":0.40347445011138918},"size":4.4575700759887699,"orthographic":false}