{"cameraMode":{"drawMode":0,"name":"Shaded","section":"Shading Mode"},"sceneLighting":true,"audioPlay":false,"sceneViewState":{"m_AlwaysRefresh":false,"showFog":true,"showSkybox":true,"showFlares":true,"showImageEffects":true,"showParticleSystems":true,"showVisualEffectGraphs":true,"m_FxEnabled":true},"in2DMode":false,"pivot":{"x":12.459999084472657,"y":1.6999998092651368,"z":3.359999656677246},"rotation":{"x":-0.20242179930210114,"y":0.34175413846969607,"z":-0.0756373181939125,"w":-0.9146088361740112},"size":1.4129047393798829,"orthographic":false}