{"cameraMode":{"drawMode":0,"name":"Shaded","section":"Shading Mode"},"sceneLighting":true,"audioPlay":false,"sceneViewState":{"m_AlwaysRefresh":false,"showFog":true,"showSkybox":true,"showFlares":true,"showImageEffects":true,"showParticleSystems":true,"showVisualEffectGraphs":true,"m_FxEnabled":true},"in2DMode":false,"pivot":{"x":34.14970779418945,"y":1.578658103942871,"z":16.060016632080079},"rotation":{"x":-0.08964100480079651,"y":-0.8959149718284607,"z":0.21100866794586183,"w":-0.38058897852897646},"size":3.1822049617767336,"orthographic":false}