{"cameraMode":{"drawMode":0,"name":"Shaded","section":"Shading Mode"},"sceneLighting":false,"audioPlay":false,"sceneViewState":{"m_AlwaysRefresh":false,"showFog":true,"showSkybox":false,"showFlares":true,"showImageEffects":true,"showParticleSystems":true,"showVisualEffectGraphs":true,"m_FxEnabled":true},"in2DMode":false,"pivot":{"x":8.999808311462403,"y":1.9000120162963868,"z":-51.01167297363281},"rotation":{"x":0.000015148902093642391,"y":-0.999966561794281,"z":0.012308761477470398,"w":-0.0012047991622239352},"size":5.252244472503662,"orthographic":false}