{"cameraMode":{"drawMode":0,"name":"Shaded","section":"Shading Mode"},"sceneLighting":false,"audioPlay":false,"sceneViewState":{"m_AlwaysRefresh":false,"showFog":true,"showSkybox":false,"showFlares":true,"showImageEffects":true,"showParticleSystems":true,"showVisualEffectGraphs":true,"m_FxEnabled":true},"in2DMode":false,"pivot":{"x":0.1895456314086914,"y":0.9787072539329529,"z":0.978151798248291},"rotation":{"x":0.19211019575595857,"y":0.3513040840625763,"z":-0.07389324903488159,"w":0.9133738875389099},"size":1.1812084913253785,"orthographic":false}