{"cameraMode":{"drawMode":0,"name":"Shaded","section":"Shading Mode"},"sceneLighting":false,"audioPlay":false,"sceneViewState":{"m_AlwaysRefresh":false,"showFog":true,"showSkybox":false,"showFlares":true,"showImageEffects":true,"showParticleSystems":true,"showVisualEffectGraphs":true,"m_FxEnabled":true},"in2DMode":false,"pivot":{"x":0.0002595186233520508,"y":-0.06529450416564942,"z":-0.03819549083709717},"rotation":{"x":0.46969202160835268,"y":-0.2744494080543518,"z":0.15629717707633973,"w":0.8244918584823608},"size":1.4993042945861817,"orthographic":false}